Hour,Feature,Coefficient,AbsoluteCoefficient,Rank
Hour_1,pm2.5,8.286200196741998,8.286200196741998,1
Hour_1,pm2.5 PRES,1.350892160069722,1.350892160069722,2
Hour_1,DEWP Is,-0.9269018003925085,0.9269018003925085,3
Hour_1,DEWP,0.910592920775717,0.910592920775717,4
Hour_1,pm2.5^2,-0.8867505072940679,0.8867505072940679,5
Hour_1,pm2.5 Iws,0.8171184879343477,0.8171184879343477,6
Hour_1,cbwd_SE,0.7777143690425603,0.7777143690425603,7
Hour_1,PRES,0.7579035461080402,0.7579035461080402,8
Hour_1,cbwd_cv,0.6570696341733545,0.6570696341733545,9
Hour_1,Ir,-0.6318608843433999,0.6318608843433999,10
Hour_1,DEWP Ir,0.6196740045021578,0.6196740045021578,11
Hour_1,pm2.5 DEWP,0.6140714105956624,0.6140714105956624,12
Hour_1,pm2.5 TEMP,0.5254772450347049,0.5254772450347049,13
Hour_1,Is,-0.5210777713987738,0.5210777713987738,14
Hour_1,hour pm2.5,-0.3857459860869625,0.3857459860869625,15
Hour_1,cbwd_NW,-0.3715871855580967,0.3715871855580967,16
Hour_1,Iws,0.3477441879819449,0.3477441879819449,17
Hour_1,hour DEWP,-0.3431614292499403,0.3431614292499403,18
Hour_1,TEMP Iws,0.3096452190597757,0.3096452190597757,19
Hour_1,cbwd_NE,-0.3034117026408374,0.3034117026408374,20
Hour_1,DEWP TEMP,0.30295884459760236,0.30295884459760236,21
Hour_1,day pm2.5,0.28446700636580624,0.28446700636580624,22
Hour_1,DEWP Iws,-0.2748075321312617,0.2748075321312617,23
Hour_1,DEWP PRES,0.2692155645350723,0.2692155645350723,24
Hour_1,TEMP,-0.26768719478133735,0.26768719478133735,25
Hour_1,PRES Ir,0.2506173500794161,0.2506173500794161,26
Hour_1,TEMP PRES,-0.23195907914159894,0.23195907914159894,27
Hour_1,PRES Is,-0.2107632994371103,0.2107632994371103,28
Hour_1,TEMP^2,-0.1923769639884407,0.1923769639884407,29
Hour_1,pm2.5 Ir,-0.1705480439480248,0.1705480439480248,30
Hour_1,day Is,0.16079543177530803,0.16079543177530803,31
Hour_1,DEWP^2,0.14548609331591514,0.14548609331591514,32
Hour_1,day,0.13769786710135992,0.13769786710135992,33
Hour_1,month pm2.5,0.13721462320844746,0.13721462320844746,34
Hour_1,TEMP Ir,-0.13013606146566128,0.13013606146566128,35
Hour_1,TEMP Is,-0.1280317073360677,0.1280317073360677,36
Hour_1,month,-0.1129741415326164,0.1129741415326164,37
Hour_1,Is Ir,0.11196067435434538,0.11196067435434538,38
Hour_1,hour Is,0.10861108446082113,0.10861108446082113,39
Hour_1,hour,-0.10637124801154377,0.10637124801154377,40
Hour_1,PRES^2,-0.10441611174823723,0.10441611174823723,41
Hour_1,month hour,0.10213762818016611,0.10213762818016611,42
Hour_1,month Ir,-0.1013083013031594,0.1013083013031594,43
Hour_1,month Is,-0.10024567330193639,0.10024567330193639,44
Hour_1,month PRES,0.09445038530771066,0.09445038530771066,45
Hour_1,month DEWP,-0.09280921781275908,0.09280921781275908,46
Hour_1,PRES Iws,0.0857130688979043,0.0857130688979043,47
Hour_1,day DEWP,-0.08564885196988878,0.08564885196988878,48
Hour_1,month^2,-0.07709463830023452,0.07709463830023452,49
Hour_1,month day,0.07349515653036126,0.07349515653036126,50
Hour_1,hour PRES,-0.0691222155371471,0.0691222155371471,51
Hour_1,month Iws,0.06677247906456163,0.06677247906456163,52
Hour_1,hour TEMP,0.06498434704938186,0.06498434704938186,53
Hour_1,hour Ir,-0.0576299174328375,0.0576299174328375,54
Hour_1,month TEMP,0.05498821491174513,0.05498821491174513,55
Hour_1,day Iws,0.049963488612315914,0.049963488612315914,56
Hour_1,hour Iws,-0.04381090220214671,0.04381090220214671,57
Hour_1,hour^2,-0.042378248352283564,0.042378248352283564,58
Hour_1,day Ir,0.0378236275837226,0.0378236275837226,59
Hour_1,Iws Ir,0.037762821299279443,0.037762821299279443,60
Hour_1,day PRES,-0.03595844483125926,0.03595844483125926,61
Hour_1,Is^2,0.03209378536928824,0.03209378536928824,62
Hour_1,pm2.5 Is,0.02637772862686366,0.02637772862686366,63
Hour_1,day TEMP,0.0074939123487762944,0.0074939123487762944,64
Hour_1,Iws^2,0.006876596572540482,0.006876596572540482,65
Hour_1,day hour,0.004282496637985286,0.004282496637985286,66
Hour_1,Ir^2,-0.004131508189189599,0.004131508189189599,67
Hour_1,Iws Is,-0.003196880173929672,0.003196880173929672,68
Hour_1,day^2,-0.0017559763005976668,0.0017559763005976668,69
Hour_2,pm2.5,5.0578512307084305,5.0578512307084305,1
Hour_2,pm2.5 Iws,1.1961878873609957,1.1961878873609957,2
Hour_2,cbwd_SE,1.0950199805893581,1.0950199805893581,3
Hour_2,cbwd_cv,1.0133929620412891,1.0133929620412891,4
Hour_2,DEWP Is,-0.8809658326005868,0.8809658326005868,5
Hour_2,pm2.5 PRES,0.8248655370998867,0.8248655370998867,6
Hour_2,DEWP,0.6901866332977664,0.6901866332977664,7
Hour_2,pm2.5^2,-0.6176316787197205,0.6176316787197205,8
Hour_2,Is,-0.6022817636309379,0.6022817636309379,9
Hour_2,TEMP Is,-0.5754766260222471,0.5754766260222471,10
Hour_2,Iws,0.5440151431249423,0.5440151431249423,11
Hour_2,pm2.5 TEMP,0.5104948893656172,0.5104948893656172,12
Hour_2,Ir,-0.4974533537199699,0.4974533537199699,13
Hour_2,hour DEWP,-0.47621720252739047,0.47621720252739047,14
Hour_2,PRES,0.42876972670026686,0.42876972670026686,15
Hour_2,TEMP,-0.394072539800855,0.394072539800855,16
Hour_2,hour pm2.5,-0.3851537911262433,0.3851537911262433,17
Hour_2,day pm2.5,0.3561059894891017,0.3561059894891017,18
Hour_2,DEWP TEMP,0.35404935907564156,0.35404935907564156,19
Hour_2,DEWP PRES,0.3282365030437798,0.3282365030437798,20
Hour_2,hour Is,0.28196627564885945,0.28196627564885945,21
Hour_2,DEWP Ir,0.28156326499668766,0.28156326499668766,22
Hour_2,TEMP^2,-0.27592003037258284,0.27592003037258284,23
Hour_2,PRES Is,-0.2712180178418881,0.2712180178418881,24
Hour_2,TEMP Iws,0.26529517002721426,0.26529517002721426,25
Hour_2,cbwd_NW,-0.26509453642020664,0.26509453642020664,26
Hour_2,month,-0.2557040094402663,0.2557040094402663,27
Hour_2,DEWP Iws,-0.2514578675094946,0.2514578675094946,28
Hour_2,TEMP PRES,-0.24808348786481838,0.24808348786481838,29
Hour_2,DEWP^2,0.24748146979473024,0.24748146979473024,30
Hour_2,pm2.5 Is,0.22378149943632025,0.22378149943632025,31
Hour_2,PRES Ir,0.20849297276658144,0.20849297276658144,32
Hour_2,hour TEMP,0.20495395140763387,0.20495395140763387,33
Hour_2,day,0.16190784382605272,0.16190784382605272,34
Hour_2,day Is,0.14723329727892837,0.14723329727892837,35
Hour_2,PRES^2,-0.13170391588619165,0.13170391588619165,36
Hour_2,pm2.5 Ir,-0.1272685622345271,0.1272685622345271,37
Hour_2,month hour,0.1257136722956626,0.1257136722956626,38
Hour_2,month DEWP,-0.11629016879954242,0.11629016879954242,39
Hour_2,month PRES,0.11625798609418692,0.11625798609418692,40
Hour_2,hour Iws,-0.11603261219134771,0.11603261219134771,41
Hour_2,Iws Is,0.11147506545689925,0.11147506545689925,42
Hour_2,Is Ir,0.10194764333566218,0.10194764333566218,43
Hour_2,day DEWP,-0.09567854098033636,0.09567854098033636,44
Hour_2,hour Ir,-0.0907045195432196,0.0907045195432196,45
Hour_2,TEMP Ir,0.08844157952201293,0.08844157952201293,46
Hour_2,month Ir,-0.07911387053470306,0.07911387053470306,47
Hour_2,month day,0.07759969260162211,0.07759969260162211,48
Hour_2,pm2.5 DEWP,-0.07742304959149526,0.07742304959149526,49
Hour_2,hour^2,-0.07535884868238416,0.07535884868238416,50
Hour_2,hour PRES,-0.06846277522825915,0.06846277522825915,51
Hour_2,Iws Ir,-0.06654888801563247,0.06654888801563247,52
Hour_2,day TEMP,0.05900106537316137,0.05900106537316137,53
Hour_2,cbwd_NE,-0.05497916980215132,0.05497916980215132,54
Hour_2,day Iws,0.0537715903191078,0.0537715903191078,55
Hour_2,month Iws,0.05352303945648457,0.05352303945648457,56
Hour_2,Iws^2,0.03247546671266042,0.03247546671266042,57
Hour_2,month Is,-0.027320043755032324,0.027320043755032324,58
Hour_2,Is^2,0.02127289982883212,0.02127289982883212,59
Hour_2,day Ir,0.021030267629819244,0.021030267629819244,60
Hour_2,month TEMP,0.019507755840116825,0.019507755840116825,61
Hour_2,day PRES,0.01812460739159268,0.01812460739159268,62
Hour_2,month^2,-0.01797162740482907,0.01797162740482907,63
Hour_2,hour,-0.014079305291194175,0.014079305291194175,64
Hour_2,month pm2.5,0.007481498444694991,0.007481498444694991,65
Hour_2,day hour,-0.007448469335155835,0.007448469335155835,66
Hour_2,day^2,-0.00248910754803631,0.00248910754803631,67
Hour_2,Ir^2,0.00187692715778279,0.00187692715778279,68
Hour_2,PRES Iws,-0.0009350451886589945,0.0009350451886589945,69
Hour_3,pm2.5,3.5028776072189696,3.5028776072189696,1
Hour_3,cbwd_SE,1.0529065370699986,1.0529065370699986,2
Hour_3,DEWP Is,-0.8968903283016022,0.8968903283016022,3
Hour_3,cbwd_cv,0.8235708498727776,0.8235708498727776,4
Hour_3,pm2.5 Iws,0.6204740143022304,0.6204740143022304,5
Hour_3,DEWP,0.6131892869843972,0.6131892869843972,6
Hour_3,hour DEWP,-0.5865863715603291,0.5865863715603291,7
Hour_3,pm2.5 TEMP,0.5818606764427753,0.5818606764427753,8
Hour_3,pm2.5^2,-0.568716137675305,0.568716137675305,9
Hour_3,pm2.5 DEWP,-0.4890168212628675,0.4890168212628675,10
Hour_3,Ir,-0.472180159248466,0.472180159248466,11
Hour_3,cbwd_NW,-0.4391486477516066,0.4391486477516066,12
Hour_3,hour TEMP,0.42600821158148217,0.42600821158148217,13
Hour_3,Is,-0.42078657780759415,0.42078657780759415,14
Hour_3,DEWP^2,0.392541852390955,0.392541852390955,15
Hour_3,day pm2.5,0.3732019377855169,0.3732019377855169,16
Hour_3,TEMP,-0.372850209192892,0.372850209192892,17
Hour_3,DEWP PRES,0.36794506112976355,0.36794506112976355,18
Hour_3,pm2.5 PRES,0.34768588518697247,0.34768588518697247,19
Hour_3,TEMP^2,-0.2993649980069972,0.2993649980069972,20
Hour_3,TEMP Is,-0.2966524575162776,0.2966524575162776,21
Hour_3,TEMP PRES,-0.2962788620586706,0.2962788620586706,22
Hour_3,DEWP Ir,0.2922522708059737,0.2922522708059737,23
Hour_3,Iws Is,0.2615935877734655,0.2615935877734655,24
Hour_3,PRES Is,-0.2456587803308564,0.2456587803308564,25
Hour_3,month,-0.2397696828081186,0.2397696828081186,26
Hour_3,Iws,0.20646321833888917,0.20646321833888917,27
Hour_3,DEWP TEMP,0.2008145470748847,0.2008145470748847,28
Hour_3,pm2.5 Is,0.17169987345526203,0.17169987345526203,29
Hour_3,TEMP Iws,0.17033654651990934,0.17033654651990934,30
Hour_3,hour,0.16914820032261207,0.16914820032261207,31
Hour_3,PRES^2,-0.15896085226802942,0.15896085226802942,32
Hour_3,cbwd_NE,-0.15852157176539833,0.15852157176539833,33
Hour_3,hour Is,0.1547653621874088,0.1547653621874088,34
Hour_3,day,0.14721804366744623,0.14721804366744623,35
Hour_3,PRES,0.14459378495253222,0.14459378495253222,36
Hour_3,month pm2.5,0.14228850035246046,0.14228850035246046,37
Hour_3,month DEWP,-0.14095436493526625,0.14095436493526625,38
Hour_3,month Ir,-0.13586511580553082,0.13586511580553082,39
Hour_3,month hour,0.13383760333374906,0.13383760333374906,40
Hour_3,DEWP Iws,-0.13035418617846245,0.13035418617846245,41
Hour_3,month PRES,0.12525837810278742,0.12525837810278742,42
Hour_3,day DEWP,-0.11581612764718956,0.11581612764718956,43
Hour_3,day Is,0.11499522118118684,0.11499522118118684,44
Hour_3,hour^2,-0.10890238850922491,0.10890238850922491,45
Hour_3,day TEMP,0.10159138583778733,0.10159138583778733,46
Hour_3,month day,0.101199748401778,0.101199748401778,47
Hour_3,hour Iws,-0.09684133449730625,0.09684133449730625,48
Hour_3,PRES Ir,0.09284266143093511,0.09284266143093511,49
Hour_3,month Is,0.09123412233983366,0.09123412233983366,50
Hour_3,pm2.5 Ir,-0.09101833950178377,0.09101833950178377,51
Hour_3,TEMP Ir,-0.08912118561867234,0.08912118561867234,52
Hour_3,month^2,0.08888935686938769,0.08888935686938769,53
Hour_3,hour pm2.5,-0.08868259895662568,0.08868259895662568,54
Hour_3,Is Ir,0.0802203218548582,0.0802203218548582,55
Hour_3,Iws Ir,-0.0674002097399349,0.0674002097399349,56
Hour_3,hour Ir,-0.055772433087864996,0.055772433087864996,57
Hour_3,PRES Iws,-0.04874045693959168,0.04874045693959168,58
Hour_3,month Iws,0.04769109018470968,0.04769109018470968,59
Hour_3,month TEMP,0.047492807953361284,0.047492807953361284,60
Hour_3,day PRES,0.045570715688065755,0.045570715688065755,61
Hour_3,Is^2,0.036561569873425626,0.036561569873425626,62
Hour_3,Iws^2,0.03604007306911973,0.03604007306911973,63
Hour_3,day Iws,0.032311898003124825,0.032311898003124825,64
Hour_3,day^2,-0.010359976939872197,0.010359976939872197,65
Hour_3,hour PRES,0.010259499334739736,0.010259499334739736,66
Hour_3,Ir^2,0.005982551600594992,0.005982551600594992,67
Hour_3,day Ir,-0.0051847777158879026,0.0051847777158879026,68
Hour_3,day hour,-0.001229105863865562,0.001229105863865562,69
Hour_4,pm2.5,2.6381490231715112,2.6381490231715112,1
Hour_4,cbwd_NW,-0.8207217685600596,0.8207217685600596,2
Hour_4,cbwd_SE,0.7660789118256423,0.7660789118256423,3
Hour_4,DEWP,0.6270566461700966,0.6270566461700966,4
Hour_4,hour DEWP,-0.5351088666699194,0.5351088666699194,5
Hour_4,cbwd_cv,0.5177704112330235,0.5177704112330235,6
Hour_4,DEWP Is,-0.5146279943753556,0.5146279943753556,7
Hour_4,pm2.5^2,-0.49023543441867073,0.49023543441867073,8
Hour_4,DEWP^2,0.4659107867182251,0.4659107867182251,9
Hour_4,hour TEMP,0.4571959972442636,0.4571959972442636,10
Hour_4,cbwd_NE,-0.38314014904410576,0.38314014904410576,11
Hour_4,pm2.5 DEWP,-0.35303726291701143,0.35303726291701143,12
Hour_4,pm2.5 TEMP,0.3503031724137284,0.3503031724137284,13
Hour_4,pm2.5 Iws,0.3468750316735001,0.3468750316735001,14
Hour_4,Ir,-0.31881257215113645,0.31881257215113645,15
Hour_4,TEMP,-0.3149032146379252,0.3149032146379252,16
Hour_4,Iws Is,0.31470003308155,0.31470003308155,17
Hour_4,day pm2.5,0.25123192873752737,0.25123192873752737,18
Hour_4,month,-0.23384727441253075,0.23384727441253075,19
Hour_4,DEWP PRES,0.23339357129819244,0.23339357129819244,20
Hour_4,pm2.5 PRES,0.22182110262706162,0.22182110262706162,21
Hour_4,TEMP^2,-0.21980063862047788,0.21980063862047788,22
Hour_4,TEMP PRES,-0.2196404872910718,0.2196404872910718,23
Hour_4,PRES^2,-0.18906819939608677,0.18906819939608677,24
Hour_4,Is,-0.1858572827814973,0.1858572827814973,25
Hour_4,month^2,0.17341558716081681,0.17341558716081681,26
Hour_4,month DEWP,-0.16759822798667875,0.16759822798667875,27
Hour_4,hour,0.16293968045564697,0.16293968045564697,28
Hour_4,month Ir,-0.159449267295157,0.159449267295157,29
Hour_4,PRES Is,-0.15820692882294898,0.15820692882294898,30
Hour_4,month pm2.5,0.1540533563980529,0.1540533563980529,31
Hour_4,TEMP Iws,0.13710050108950558,0.13710050108950558,32
Hour_4,pm2.5 Is,0.1274392930127172,0.1274392930127172,33
Hour_4,month PRES,0.12549505289281604,0.12549505289281604,34
Hour_4,month day,0.11971989474841783,0.11971989474841783,35
Hour_4,TEMP Is,-0.11580819600491792,0.11580819600491792,36
Hour_4,day DEWP,-0.11438063538319235,0.11438063538319235,37
Hour_4,hour^2,-0.10572999256043117,0.10572999256043117,38
Hour_4,month hour,0.10441012637630434,0.10441012637630434,39
Hour_4,month TEMP,0.10260688264762428,0.10260688264762428,40
Hour_4,day Is,0.09611523767793596,0.09611523767793596,41
Hour_4,DEWP Ir,0.0874967582043362,0.0874967582043362,42
Hour_4,day,0.08589806711703332,0.08589806711703332,43
Hour_4,PRES Ir,0.08577812615967857,0.08577812615967857,44
Hour_4,PRES,0.08517879362909343,0.08517879362909343,45
Hour_4,day TEMP,0.084721946610317,0.084721946610317,46
Hour_4,Iws Ir,-0.08253403002713325,0.08253403002713325,47
Hour_4,hour Iws,-0.0791323665892764,0.0791323665892764,48
Hour_4,TEMP Ir,0.07517543533487625,0.07517543533487625,49
Hour_4,hour Is,0.06678464245737613,0.06678464245737613,50
Hour_4,month Iws,0.0655002703949481,0.0655002703949481,51
Hour_4,hour Ir,-0.06527947684116157,0.06527947684116157,52
Hour_4,month Is,0.05936175915901123,0.05936175915901123,53
Hour_4,pm2.5 Ir,-0.05142764205938363,0.05142764205938363,54
Hour_4,Is Ir,0.04847895044822854,0.04847895044822854,55
Hour_4,Iws,0.0461681648353685,0.0461681648353685,56
Hour_4,hour pm2.5,-0.04052815346403417,0.04052815346403417,57
Hour_4,Iws^2,0.03452282293719412,0.03452282293719412,58
Hour_4,DEWP Iws,-0.032121952423982726,0.032121952423982726,59
Hour_4,Is^2,0.02981511941768904,0.02981511941768904,60
Hour_4,hour PRES,0.026884416807990072,0.026884416807990072,61
Hour_4,DEWP TEMP,-0.02435369147966789,0.02435369147966789,62
Hour_4,day PRES,0.023767400324376596,0.023767400324376596,63
Hour_4,day^2,-0.017364134165644647,0.017364134165644647,64
Hour_4,day Ir,-0.009186125245183027,0.009186125245183027,65
Hour_4,day hour,0.006177869867306843,0.006177869867306843,66
Hour_4,Ir^2,0.005470823691623918,0.005470823691623918,67
Hour_4,PRES Iws,-0.0053145687523521844,0.0053145687523521844,68
Hour_4,day Iws,0.002087009160444531,0.002087009160444531,69
Hour_5,pm2.5,2.302792019019962,2.302792019019962,1
Hour_5,cbwd_SE,0.9913567564357947,0.9913567564357947,2
Hour_5,DEWP Is,-0.8062179450724634,0.8062179450724634,3
Hour_5,cbwd_NW,-0.754587255663189,0.754587255663189,4
Hour_5,DEWP^2,0.6759837897113046,0.6759837897113046,5
Hour_5,cbwd_cv,0.6559415908376982,0.6559415908376982,6
Hour_5,DEWP,0.6058448846503872,0.6058448846503872,7
Hour_5,TEMP Is,0.5662130981443895,0.5662130981443895,8
Hour_5,hour TEMP,0.5501707912252985,0.5501707912252985,9
Hour_5,hour DEWP,-0.5495738243293777,0.5495738243293777,10
Hour_5,Is,0.5136890712556013,0.5136890712556013,11
Hour_5,pm2.5^2,-0.42584295887371015,0.42584295887371015,12
Hour_5,Ir,-0.41941078212589006,0.41941078212589006,13
Hour_5,pm2.5 Iws,0.4115471327481241,0.4115471327481241,14
Hour_5,pm2.5 DEWP,-0.38429670723667786,0.38429670723667786,15
Hour_5,pm2.5 TEMP,0.34973739928062886,0.34973739928062886,16
Hour_5,TEMP PRES,-0.3109921897210877,0.3109921897210877,17
Hour_5,DEWP TEMP,-0.29727345925254756,0.29727345925254756,18
Hour_5,Iws Is,0.29032874082893123,0.29032874082893123,19
Hour_5,DEWP PRES,0.26781357924287535,0.26781357924287535,20
Hour_5,month DEWP,-0.2623098970015649,0.2623098970015649,21
Hour_5,month,-0.25033712067542496,0.25033712067542496,22
Hour_5,month^2,0.24596827941282234,0.24596827941282234,23
Hour_5,day pm2.5,0.2388353955666589,0.2388353955666589,24
Hour_5,PRES^2,-0.2164235934629859,0.2164235934629859,25
Hour_5,pm2.5 PRES,0.21285021272269194,0.21285021272269194,26
Hour_5,month TEMP,0.20695528837455013,0.20695528837455013,27
Hour_5,pm2.5 Is,0.19877176852198983,0.19877176852198983,28
Hour_5,TEMP^2,-0.1957640792836657,0.1957640792836657,29
Hour_5,month Ir,-0.18828964232713127,0.18828964232713127,30
Hour_5,TEMP,-0.18772923669603292,0.18772923669603292,31
Hour_5,month pm2.5,0.1863382584250591,0.1863382584250591,32
Hour_5,Iws Ir,-0.18403901069728756,0.18403901069728756,33
Hour_5,cbwd_NE,-0.1732464318959341,0.1732464318959341,34
Hour_5,day DEWP,-0.16965466141382848,0.16965466141382848,35
Hour_5,day TEMP,0.15818608736876089,0.15818608736876089,36
Hour_5,hour,0.15376171757178467,0.15376171757178467,37
Hour_5,DEWP Ir,0.1497519161966765,0.1497519161966765,38
Hour_5,month PRES,0.1365196555737474,0.1365196555737474,39
Hour_5,month day,0.13387823677633787,0.13387823677633787,40
Hour_5,hour^2,-0.12932033925124586,0.12932033925124586,41
Hour_5,PRES,0.11229134841340076,0.11229134841340076,42
Hour_5,TEMP Iws,0.10373073936511683,0.10373073936511683,43
Hour_5,PRES Ir,0.1024645077567166,0.1024645077567166,44
Hour_5,Iws,0.09068180875102215,0.09068180875102215,45
Hour_5,pm2.5 Ir,-0.08654299900950659,0.08654299900950659,46
Hour_5,day Is,0.07831069727161154,0.07831069727161154,47
Hour_5,month hour,0.07666368320534528,0.07666368320534528,48
Hour_5,hour Iws,-0.07425780641731274,0.07425780641731274,49
Hour_5,hour PRES,0.06774422017271639,0.06774422017271639,50
Hour_5,day,0.06637024763039426,0.06637024763039426,51
Hour_5,month Iws,0.05802242744596192,0.05802242744596192,52
Hour_5,hour Ir,-0.05400782986996458,0.05400782986996458,53
Hour_5,PRES Is,-0.05250194895410777,0.05250194895410777,54
Hour_5,day PRES,0.04670867140259947,0.04670867140259947,55
Hour_5,Is Ir,-0.04615471538055093,0.04615471538055093,56
Hour_5,TEMP Ir,0.045992478973779435,0.045992478973779435,57
Hour_5,Iws^2,0.03991600033007809,0.03991600033007809,58
Hour_5,DEWP Iws,0.0325644097626171,0.0325644097626171,59
Hour_5,day^2,-0.02482473799172282,0.02482473799172282,60
Hour_5,hour pm2.5,-0.020281719445094763,0.020281719445094763,61
Hour_5,hour Is,-0.01738865913973612,0.01738865913973612,62
Hour_5,PRES Iws,0.017050282645770062,0.017050282645770062,63
Hour_5,day Ir,-0.009041778349146322,0.009041778349146322,64
Hour_5,Ir^2,0.0059601363095204045,0.0059601363095204045,65
Hour_5,Is^2,0.005756075626613011,0.005756075626613011,66
Hour_5,day hour,-0.0030598514223492404,0.0030598514223492404,67
Hour_5,month Is,0.0027462054021686333,0.0027462054021686333,68
Hour_5,day Iws,0.0010696701695171592,0.0010696701695171592,69
Hour_6,pm2.5,1.6546745412034694,1.6546745412034694,1
Hour_6,cbwd_NW,-0.7629691903353863,0.7629691903353863,2
Hour_6,cbwd_SE,0.7382790194390533,0.7382790194390533,3
Hour_6,DEWP,0.47276995242849806,0.47276995242849806,4
Hour_6,pm2.5^2,-0.36713659831692685,0.36713659831692685,5
Hour_6,hour DEWP,-0.32506515811392467,0.32506515811392467,6
Hour_6,cbwd_cv,0.3123631019075349,0.3123631019075349,7
Hour_6,DEWP^2,0.28908967849336625,0.28908967849336625,8
Hour_6,hour TEMP,0.28666471232875995,0.28666471232875995,9
Hour_6,cbwd_NE,-0.2810268163947985,0.2810268163947985,10
Hour_6,month^2,0.18829829646620852,0.18829829646620852,11
Hour_6,PRES^2,-0.17281580938642155,0.17281580938642155,12
Hour_6,month,-0.16969401049948601,0.16969401049948601,13
Hour_6,Ir,-0.1633156984158097,0.1633156984158097,14
Hour_6,Iws,-0.15784791655243513,0.15784791655243513,15
Hour_6,month Ir,-0.14950439859686104,0.14950439859686104,16
Hour_6,pm2.5 PRES,0.1419453696366441,0.1419453696366441,17
Hour_6,day pm2.5,0.13746507333165953,0.13746507333165953,18
Hour_6,pm2.5 Iws,0.13197690507858104,0.13197690507858104,19
Hour_6,Iws Is,0.13006734025734068,0.13006734025734068,20
Hour_6,month day,0.12846392505721416,0.12846392505721416,21
Hour_6,month pm2.5,0.12751090922998942,0.12751090922998942,22
Hour_6,Iws Ir,-0.12350057502049866,0.12350057502049866,23
Hour_6,hour,0.11770056314517821,0.11770056314517821,24
Hour_6,day DEWP,-0.11191215825697176,0.11191215825697176,25
Hour_6,TEMP,-0.09714154050398292,0.09714154050398292,26
Hour_6,TEMP^2,-0.096170508352253,0.096170508352253,27
Hour_6,month PRES,0.09405727119458888,0.09405727119458888,28
Hour_6,pm2.5 Ir,-0.09319580645319271,0.09319580645319271,29
Hour_6,DEWP Ir,-0.08956648492972262,0.08956648492972262,30
Hour_6,month DEWP,-0.08890354686605915,0.08890354686605915,31
Hour_6,day TEMP,0.08563167635632113,0.08563167635632113,32
Hour_6,hour^2,-0.08443504541587649,0.08443504541587649,33
Hour_6,pm2.5 DEWP,-0.0822016122528708,0.0822016122528708,34
Hour_6,pm2.5 TEMP,0.07708086757395233,0.07708086757395233,35
Hour_6,month TEMP,0.07536235287025132,0.07536235287025132,36
Hour_6,TEMP Ir,0.07514391320304054,0.07514391320304054,37
Hour_6,DEWP Is,-0.07409794768979437,0.07409794768979437,38
Hour_6,month Iws,0.07013159643551753,0.07013159643551753,39
Hour_6,DEWP Iws,0.06034906624994636,0.06034906624994636,40
Hour_6,DEWP PRES,0.053295854786649846,0.053295854786649846,41
Hour_6,hour Ir,-0.05134845475924913,0.05134845475924913,42
Hour_6,PRES,0.05065855523217233,0.05065855523217233,43
Hour_6,TEMP Iws,0.046735348185441915,0.046735348185441915,44
Hour_6,TEMP PRES,-0.04637574715492303,0.04637574715492303,45
Hour_6,Is,0.045821980004396044,0.045821980004396044,46
Hour_6,hour pm2.5,-0.04239625014887079,0.04239625014887079,47
Hour_6,month hour,0.03895707310629473,0.03895707310629473,48
Hour_6,Iws^2,0.037598869655055246,0.037598869655055246,49
Hour_6,day,0.036874951843917654,0.036874951843917654,50
Hour_6,day^2,-0.034788455651502015,0.034788455651502015,51
Hour_6,DEWP TEMP,-0.03460473590830775,0.03460473590830775,52
Hour_6,hour Iws,-0.03402447948089565,0.03402447948089565,53
Hour_6,pm2.5 Is,-0.026839625907915773,0.026839625907915773,54
Hour_6,day Is,0.025845647312886296,0.025845647312886296,55
Hour_6,month Is,-0.023646433598547834,0.023646433598547834,56
Hour_6,PRES Iws,-0.021226799887368523,0.021226799887368523,57
Hour_6,PRES Ir,0.019572855105128958,0.019572855105128958,58
Hour_6,day Iws,-0.017660524091249224,0.017660524091249224,59
Hour_6,day Ir,0.011340732598542746,0.011340732598542746,60
Hour_6,TEMP Is,-0.011094316439040477,0.011094316439040477,61
Hour_6,hour Is,0.005864341374066917,0.005864341374066917,62
Hour_6,Is Ir,0.005863408886811605,0.005863408886811605,63
Hour_6,hour PRES,-0.005841237077586768,0.005841237077586768,64
Hour_6,Is^2,-0.003563078942980952,0.003563078942980952,65
Hour_6,PRES Is,0.0028266271676610243,0.0028266271676610243,66
Hour_6,day PRES,0.0016335122441335605,0.0016335122441335605,67
Hour_6,day hour,-0.0013903869266056945,0.0013903869266056945,68
Hour_6,Ir^2,0.0010935402989673318,0.0010935402989673318,69
Hour_7,pm2.5,1.5043177788986937,1.5043177788986937,1
Hour_7,cbwd_NW,-0.7637478758138817,0.7637478758138817,2
Hour_7,cbwd_SE,0.7577438000905125,0.7577438000905125,3
Hour_7,DEWP,0.41060391014035774,0.41060391014035774,4
Hour_7,pm2.5^2,-0.3442492486766206,0.3442492486766206,5
Hour_7,DEWP^2,0.33357812422683997,0.33357812422683997,6
Hour_7,hour TEMP,0.30449344014004753,0.30449344014004753,7
Hour_7,hour DEWP,-0.30140634180986314,0.30140634180986314,8
Hour_7,cbwd_cv,0.2795584590508187,0.2795584590508187,9
Hour_7,cbwd_NE,-0.2535046860740047,0.2535046860740047,10
Hour_7,month^2,0.18670682082914636,0.18670682082914636,11
Hour_7,PRES^2,-0.17765204587428726,0.17765204587428726,12
Hour_7,month Ir,-0.16162572050546814,0.16162572050546814,13
Hour_7,Iws,-0.1495587348364792,0.1495587348364792,14
Hour_7,month,-0.14947198462760386,0.14947198462760386,15
Hour_7,Ir,-0.1436452804263959,0.1436452804263959,16
Hour_7,Iws Is,0.14146278444058227,0.14146278444058227,17
Hour_7,Iws Ir,-0.1392661991938401,0.1392661991938401,18
Hour_7,pm2.5 PRES,0.1349235072993883,0.1349235072993883,19
Hour_7,day pm2.5,0.13061975520226404,0.13061975520226404,20
Hour_7,month day,0.12916571598442447,0.12916571598442447,21
Hour_7,pm2.5 Iws,0.12658930748436803,0.12658930748436803,22
Hour_7,day DEWP,-0.1195084369049063,0.1195084369049063,23
Hour_7,month pm2.5,0.11890475509222931,0.11890475509222931,24
Hour_7,hour,0.11285249084067224,0.11285249084067224,25
Hour_7,hour^2,-0.10982180648448854,0.10982180648448854,26
Hour_7,DEWP TEMP,-0.1048864843473579,0.1048864843473579,27
Hour_7,PRES,0.09458506608191168,0.09458506608191168,28
Hour_7,month DEWP,-0.08734815548352659,0.08734815548352659,29
Hour_7,month PRES,0.08651027182108383,0.08651027182108383,30
Hour_7,month Iws,0.08506148559940481,0.08506148559940481,31
Hour_7,day TEMP,0.08344216024906731,0.08344216024906731,32
Hour_7,month TEMP,0.0767142528354117,0.0767142528354117,33
Hour_7,TEMP^2,-0.07562200798585667,0.07562200798585667,34
Hour_7,pm2.5 Ir,-0.07388745105293702,0.07388745105293702,35
Hour_7,DEWP Ir,-0.07367063218277407,0.07367063218277407,36
Hour_7,DEWP Iws,0.0681544076540996,0.0681544076540996,37
Hour_7,TEMP PRES,-0.06715923453693627,0.06715923453693627,38
Hour_7,DEWP Is,-0.06344384401091578,0.06344384401091578,39
Hour_7,pm2.5 DEWP,-0.055688855838542245,0.055688855838542245,40
Hour_7,TEMP Ir,0.05373995114658473,0.05373995114658473,41
Hour_7,hour Ir,-0.051992921066039484,0.051992921066039484,42
Hour_7,day^2,-0.04145072245297459,0.04145072245297459,43
Hour_7,Is,0.04002640496026531,0.04002640496026531,44
Hour_7,DEWP PRES,0.03989902624706247,0.03989902624706247,45
Hour_7,TEMP Iws,0.03913470256375181,0.03913470256375181,46
Hour_7,day,0.03721190486484086,0.03721190486484086,47
Hour_7,Iws^2,0.0335149128949517,0.0335149128949517,48
Hour_7,month Is,-0.03275826887094521,0.03275826887094521,49
Hour_7,pm2.5 TEMP,0.03245709509854019,0.03245709509854019,50
Hour_7,hour Iws,-0.02879730714707787,0.02879730714707787,51
Hour_7,pm2.5 Is,-0.027573354971084197,0.027573354971084197,52
Hour_7,PRES Ir,0.02494708871298469,0.02494708871298469,53
Hour_7,month hour,0.021395076011446867,0.021395076011446867,54
Hour_7,day Iws,-0.020114296792036964,0.020114296792036964,55
Hour_7,day PRES,-0.02004619748516031,0.02004619748516031,56
Hour_7,day Is,0.019646528394038913,0.019646528394038913,57
Hour_7,TEMP Is,-0.017771238066807644,0.017771238066807644,58
Hour_7,hour pm2.5,-0.013514309520714597,0.013514309520714597,59
Hour_7,PRES Iws,-0.006549301483957241,0.006549301483957241,60
Hour_7,day hour,0.006418993250335295,0.006418993250335295,61
Hour_7,Is Ir,0.005031503436455211,0.005031503436455211,62
Hour_7,day Ir,-0.004037830057151248,0.004037830057151248,63
Hour_7,Is^2,-0.003691451402824597,0.003691451402824597,64
Hour_7,hour PRES,0.003665843217176408,0.003665843217176408,65
Hour_7,PRES Is,0.003398548254262984,0.003398548254262984,66
Hour_7,hour Is,-0.0017855203756608794,0.0017855203756608794,67
Hour_7,Ir^2,0.0015913775525211594,0.0015913775525211594,68
Hour_7,TEMP,-0.00019156457025597387,0.00019156457025597387,69
Hour_8,pm2.5,1.3926531600224423,1.3926531600224423,1
Hour_8,cbwd_NW,-0.7449479831837771,0.7449479831837771,2
Hour_8,cbwd_SE,0.7319152218180749,0.7319152218180749,3
Hour_8,DEWP,0.3708596074786046,0.3708596074786046,4
Hour_8,pm2.5^2,-0.3378551796114984,0.3378551796114984,5
Hour_8,DEWP^2,0.33301652300053225,0.33301652300053225,6
Hour_8,hour TEMP,0.2946234551459881,0.2946234551459881,7
Hour_8,cbwd_cv,0.2635184628388357,0.2635184628388357,8
Hour_8,cbwd_NE,-0.2538432453170415,0.2538432453170415,9
Hour_8,hour DEWP,-0.2430797734510322,0.2430797734510322,10
Hour_8,Iws Ir,-0.19691197608037267,0.19691197608037267,11
Hour_8,PRES^2,-0.1897074967885824,0.1897074967885824,12
Hour_8,month^2,0.17827943982623218,0.17827943982623218,13
Hour_8,month Ir,-0.15629292126486358,0.15629292126486358,14
Hour_8,PRES,0.15441778267157766,0.15441778267157766,15
Hour_8,Iws Is,0.14798973418810576,0.14798973418810576,16
Hour_8,month,-0.14474238687671453,0.14474238687671453,17
Hour_8,hour^2,-0.1401975151604981,0.1401975151604981,18
Hour_8,Iws,-0.13993939150577417,0.13993939150577417,19
Hour_8,day DEWP,-0.1385090511508247,0.1385090511508247,20
Hour_8,Ir,-0.13797499240722233,0.13797499240722233,21
Hour_8,day pm2.5,0.13231417968964615,0.13231417968964615,22
Hour_8,pm2.5 PRES,0.12847558338219547,0.12847558338219547,23
Hour_8,DEWP TEMP,-0.1272115066547193,0.1272115066547193,24
Hour_8,month day,0.12348447033174428,0.12348447033174428,25
Hour_8,pm2.5 Iws,0.12013486014310346,0.12013486014310346,26
Hour_8,month pm2.5,0.1183681332683683,0.1183681332683683,27
Hour_8,hour,0.10557293769541977,0.10557293769541977,28
Hour_8,TEMP PRES,-0.10141165660232845,0.10141165660232845,29
Hour_8,day TEMP,0.09359700718383868,0.09359700718383868,30
Hour_8,month DEWP,-0.09108723344534432,0.09108723344534432,31
Hour_8,month Iws,0.08619820631246636,0.08619820631246636,32
Hour_8,TEMP,0.08432789862426006,0.08432789862426006,33
Hour_8,month PRES,0.07329828684509422,0.07329828684509422,34
Hour_8,month TEMP,0.07073131567839679,0.07073131567839679,35
Hour_8,DEWP Iws,0.06596146993766559,0.06596146993766559,36
Hour_8,pm2.5 Ir,-0.06434146376102941,0.06434146376102941,37
Hour_8,TEMP^2,-0.06020400771260579,0.06020400771260579,38
Hour_8,month Is,-0.051968710323593716,0.051968710323593716,39
Hour_8,DEWP Ir,-0.05123051764961037,0.05123051764961037,40
Hour_8,day^2,-0.04922497607426732,0.04922497607426732,41
Hour_8,Is,0.04667762629582516,0.04667762629582516,42
Hour_8,hour Ir,-0.045368349997454795,0.045368349997454795,43
Hour_8,day,0.04464805171470501,0.04464805171470501,44
Hour_8,DEWP Is,-0.0437358616035908,0.0437358616035908,45
Hour_8,TEMP Ir,0.03801148025250736,0.03801148025250736,46
Hour_8,TEMP Is,-0.03748243718867121,0.03748243718867121,47
Hour_8,day PRES,-0.03554106042238279,0.03554106042238279,48
Hour_8,DEWP PRES,0.033690459698883915,0.033690459698883915,49
Hour_8,PRES Ir,0.03353306261381885,0.03353306261381885,50
Hour_8,day Is,0.03086513213996858,0.03086513213996858,51
Hour_8,TEMP Iws,0.029563682148970084,0.029563682148970084,52
Hour_8,Iws^2,0.028932190836843227,0.028932190836843227,53
Hour_8,hour PRES,0.022190989105892962,0.022190989105892962,54
Hour_8,pm2.5 DEWP,-0.020897120018244016,0.020897120018244016,55
Hour_8,day Iws,-0.020649904398208723,0.020649904398208723,56
Hour_8,hour Iws,-0.018470152094437562,0.018470152094437562,57
Hour_8,pm2.5 TEMP,-0.017792267184033896,0.017792267184033896,58
Hour_8,hour Is,-0.009883987917596412,0.009883987917596412,59
Hour_8,PRES Iws,-0.009609677663761947,0.009609677663761947,60
Hour_8,pm2.5 Is,-0.008655386374427938,0.008655386374427938,61
Hour_8,PRES Is,-0.008517360960545027,0.008517360960545027,62
Hour_8,month hour,0.007789669654083712,0.007789669654083712,63
Hour_8,hour pm2.5,0.007632154399791448,0.007632154399791448,64
Hour_8,Is^2,-0.005567241043667236,0.005567241043667236,65
Hour_8,day Ir,-0.004359274694742352,0.004359274694742352,66
Hour_8,Is Ir,0.003908935659192433,0.003908935659192433,67
Hour_8,day hour,0.0010528070922829818,0.0010528070922829818,68
Hour_8,Ir^2,-0.00011739702703645305,0.00011739702703645305,69
Hour_9,pm2.5,1.2917301008426687,1.2917301008426687,1
Hour_9,cbwd_SE,0.7248865781397961,0.7248865781397961,2
Hour_9,cbwd_NW,-0.6978253785238068,0.6978253785238068,3
Hour_9,DEWP,0.34921524320492875,0.34921524320492875,4
Hour_9,pm2.5^2,-0.3252689474277069,0.3252689474277069,5
Hour_9,DEWP^2,0.3240181853385819,0.3240181853385819,6
Hour_9,hour TEMP,0.30494990796993954,0.30494990796993954,7
Hour_9,hour DEWP,-0.23738971057377795,0.23738971057377795,8
Hour_9,cbwd_NE,-0.23146397594521623,0.23146397594521623,9
Hour_9,PRES,0.2169301205676201,0.2169301205676201,10
Hour_9,cbwd_cv,0.21221282998748803,0.21221282998748803,11
Hour_9,PRES^2,-0.2021951395022483,0.2021951395022483,12
Hour_9,Iws Ir,-0.2012914342787822,0.2012914342787822,13
Hour_9,hour^2,-0.16989003582552156,0.16989003582552156,14
Hour_9,day DEWP,-0.1687067219677109,0.1687067219677109,15
Hour_9,month Ir,-0.16586348199305545,0.16586348199305545,16
Hour_9,Ir,-0.15214094920169965,0.15214094920169965,17
Hour_9,Iws,-0.1501936348395461,0.1501936348395461,18
Hour_9,DEWP TEMP,-0.14259217548493047,0.14259217548493047,19
Hour_9,day pm2.5,0.13719644787123583,0.13719644787123583,20
Hour_9,TEMP,0.13675788800533453,0.13675788800533453,21
Hour_9,month^2,0.13244439171685207,0.13244439171685207,22
Hour_9,month,-0.12841857665578726,0.12841857665578726,23
Hour_9,pm2.5 PRES,0.12185362437029126,0.12185362437029126,24
Hour_9,day TEMP,0.11752699448603966,0.11752699448603966,25
Hour_9,month day,0.11735570468525972,0.11735570468525972,26
Hour_9,DEWP Iws,0.10902245921525368,0.10902245921525368,27
Hour_9,pm2.5 Iws,0.10894937175385681,0.10894937175385681,28
Hour_9,hour,0.10874889635133768,0.10874889635133768,29
Hour_9,month pm2.5,0.10531012756510942,0.10531012756510942,30
Hour_9,TEMP PRES,-0.10296193524762022,0.10296193524762022,31
Hour_9,month DEWP,-0.08895834550752753,0.08895834550752753,32
Hour_9,month Iws,0.08135442037950177,0.08135442037950177,33
Hour_9,month Is,-0.07324449280258545,0.07324449280258545,34
Hour_9,month PRES,0.07074090241448105,0.07074090241448105,35
Hour_9,Is,0.06720547622765712,0.06720547622765712,36
Hour_9,pm2.5 Ir,-0.06630687621909445,0.06630687621909445,37
Hour_9,day^2,-0.05701208256109579,0.05701208256109579,38
Hour_9,month TEMP,0.05572764861739379,0.05572764861739379,39
Hour_9,pm2.5 TEMP,-0.05569615663990461,0.05569615663990461,40
Hour_9,day PRES,-0.04995251665364874,0.04995251665364874,41
Hour_9,day,0.047195647940931236,0.047195647940931236,42
Hour_9,Iws Is,0.04392374389218099,0.04392374389218099,43
Hour_9,TEMP Is,-0.040527235022452965,0.040527235022452965,44
Hour_9,day Is,0.03204669309805061,0.03204669309805061,45
Hour_9,hour Ir,-0.030677756944180994,0.030677756944180994,46
Hour_9,DEWP Ir,-0.02954892518836878,0.02954892518836878,47
Hour_9,hour pm2.5,0.0285859732180425,0.0285859732180425,48
Hour_9,Iws^2,0.02645787890171295,0.02645787890171295,49
Hour_9,PRES Ir,0.025953047071040916,0.025953047071040916,50
Hour_9,TEMP Ir,0.022912868509356452,0.022912868509356452,51
Hour_9,pm2.5 DEWP,0.019608129776361335,0.019608129776361335,52
Hour_9,hour PRES,0.01801272611030726,0.01801272611030726,53
Hour_9,TEMP^2,-0.012555538237425437,0.012555538237425437,54
Hour_9,PRES Is,-0.012120563817859475,0.012120563817859475,55
Hour_9,DEWP Is,-0.011694723821240916,0.011694723821240916,56
Hour_9,hour Is,-0.009298670483732252,0.009298670483732252,57
Hour_9,Is^2,-0.008810487417642402,0.008810487417642402,58
Hour_9,DEWP PRES,0.006992694087486523,0.006992694087486523,59
Hour_9,month hour,-0.005629369111241148,0.005629369111241148,60
Hour_9,pm2.5 Is,-0.005522822763101528,0.005522822763101528,61
Hour_9,PRES Iws,0.00501221297153418,0.00501221297153418,62
Hour_9,day Iws,-0.0047814117143720174,0.0047814117143720174,63
Hour_9,day Ir,-0.004679026044148801,0.004679026044148801,64
Hour_9,hour Iws,-0.004507266260377126,0.004507266260377126,65
Hour_9,Ir^2,0.002031583937439423,0.002031583937439423,66
Hour_9,Is Ir,0.0019340925228880507,0.0019340925228880507,67
Hour_9,TEMP Iws,-0.0006941811853821691,0.0006941811853821691,68
Hour_9,day hour,0.0005258997741541986,0.0005258997741541986,69
Hour_10,pm2.5,1.2055247368099873,1.2055247368099873,1
Hour_10,cbwd_SE,0.6995205324645289,0.6995205324645289,2
Hour_10,cbwd_NW,-0.68704410665801,0.68704410665801,3
Hour_10,DEWP,0.3312610890908129,0.3312610890908129,4
Hour_10,pm2.5^2,-0.30958252436752776,0.30958252436752776,5
Hour_10,DEWP^2,0.29978223536004955,0.29978223536004955,6
Hour_10,hour TEMP,0.2698549763644105,0.2698549763644105,7
Hour_10,PRES,0.26799587559021215,0.26799587559021215,8
Hour_10,cbwd_cv,0.2417287107547751,0.2417287107547751,9
Hour_10,cbwd_NE,-0.23925971531787474,0.23925971531787474,10
Hour_10,PRES^2,-0.21320153589122817,0.21320153589122817,11
Hour_10,hour^2,-0.21166102729858194,0.21166102729858194,12
Hour_10,hour DEWP,-0.19631843257739082,0.19631843257739082,13
Hour_10,Iws Ir,-0.18631120808528978,0.18631120808528978,14
Hour_10,day DEWP,-0.17860830875643657,0.17860830875643657,15
Hour_10,TEMP,0.17716310370360033,0.17716310370360033,16
Hour_10,month Ir,-0.167378820090109,0.167378820090109,17
Hour_10,Ir,-0.157336826175569,0.157336826175569,18
Hour_10,DEWP TEMP,-0.14098563828127605,0.14098563828127605,19
Hour_10,Iws,-0.1405575550526891,0.1405575550526891,20
Hour_10,day pm2.5,0.1378906216231034,0.1378906216231034,21
Hour_10,DEWP Iws,0.13141350407486388,0.13141350407486388,22
Hour_10,day TEMP,0.12630565966056906,0.12630565966056906,23
Hour_10,pm2.5 PRES,0.12365043030157917,0.12365043030157917,24
Hour_10,month,-0.11870282197314672,0.11870282197314672,25
Hour_10,TEMP PRES,-0.10953838908521779,0.10953838908521779,26
Hour_10,month day,0.10691868191319692,0.10691868191319692,27
Hour_10,hour,0.09639280505704108,0.09639280505704108,28
Hour_10,pm2.5 Iws,0.09507118715023326,0.09507118715023326,29
Hour_10,month pm2.5,0.09378991081660142,0.09378991081660142,30
Hour_10,month^2,0.08873876138922532,0.08873876138922532,31
Hour_10,Is,0.08472995558766298,0.08472995558766298,32
Hour_10,month Is,-0.08258136583354041,0.08258136583354041,33
Hour_10,month DEWP,-0.07411383912795678,0.07411383912795678,34
Hour_10,month Iws,0.07351813825160633,0.07351813825160633,35
Hour_10,pm2.5 Ir,-0.07269814951129051,0.07269814951129051,36
Hour_10,month PRES,0.07180989720571405,0.07180989720571405,37
Hour_10,day^2,-0.06429948966763199,0.06429948966763199,38
Hour_10,day PRES,-0.057114536504930605,0.057114536504930605,39
Hour_10,TEMP^2,0.04874143537261285,0.04874143537261285,40
Hour_10,day,0.04255390662858988,0.04255390662858988,41
Hour_10,pm2.5 TEMP,-0.03791670974779686,0.03791670974779686,42
Hour_10,hour Is,-0.037247130833444705,0.037247130833444705,43
Hour_10,month TEMP,0.029331016928696236,0.029331016928696236,44
Hour_10,TEMP Is,-0.028239251198778112,0.028239251198778112,45
Hour_10,hour Ir,-0.027700233113534055,0.027700233113534055,46
Hour_10,DEWP Ir,-0.024855569536071313,0.024855569536071313,47
Hour_10,month hour,-0.023724032824848928,0.023724032824848928,48
Hour_10,pm2.5 DEWP,0.023600981977061362,0.023600981977061362,49
Hour_10,PRES Is,-0.022938435168726443,0.022938435168726443,50
Hour_10,Iws^2,0.02225923839221309,0.02225923839221309,51
Hour_10,day Is,0.02018815684470897,0.02018815684470897,52
Hour_10,TEMP Iws,-0.019014873372092542,0.019014873372092542,53
Hour_10,DEWP Is,0.017227718334372286,0.017227718334372286,54
Hour_10,PRES Iws,0.012819121721401256,0.012819121721401256,55
Hour_10,Iws Is,0.011808401138772916,0.011808401138772916,56
Hour_10,day Ir,0.011068048622746275,0.011068048622746275,57
Hour_10,hour pm2.5,0.01076698620069967,0.01076698620069967,58
Hour_10,DEWP PRES,0.008413418925409128,0.008413418925409128,59
Hour_10,hour Iws,0.008309344578783179,0.008309344578783179,60
Hour_10,Is^2,-0.008042750904639554,0.008042750904639554,61
Hour_10,day Iws,0.007735816993831199,0.007735816993831199,62
Hour_10,PRES Ir,-0.002876889524901708,0.002876889524901708,63
Hour_10,TEMP Ir,0.0027320740701142258,0.0027320740701142258,64
Hour_10,day hour,0.0025771110153798016,0.0025771110153798016,65
Hour_10,Ir^2,0.00246926364709834,0.00246926364709834,66
Hour_10,hour PRES,-0.0019229970793661236,0.0019229970793661236,67
Hour_10,pm2.5 Is,-0.0012622885140870883,0.0012622885140870883,68
Hour_10,Is Ir,-0.0001319391078019742,0.0001319391078019742,69
Hour_11,pm2.5,1.1374023148481998,1.1374023148481998,1
Hour_11,cbwd_NW,-0.6965969602340244,0.6965969602340244,2
Hour_11,cbwd_SE,0.6560900844434224,0.6560900844434224,3
Hour_11,DEWP,0.33114767153447594,0.33114767153447594,4
Hour_11,PRES,0.31186198938216736,0.31186198938216736,5
Hour_11,pm2.5^2,-0.3067195707657008,0.3067195707657008,6
Hour_11,DEWP^2,0.27462104785182573,0.27462104785182573,7
Hour_11,hour^2,-0.2514181668114328,0.2514181668114328,8
Hour_11,hour TEMP,0.2453505883003284,0.2453505883003284,9
Hour_11,cbwd_cv,0.23595544863091164,0.23595544863091164,10
Hour_11,PRES^2,-0.21569829715700845,0.21569829715700845,11
Hour_11,cbwd_NE,-0.20547503518953458,0.20547503518953458,12
Hour_11,day DEWP,-0.19834311579537758,0.19834311579537758,13
Hour_11,Iws Ir,-0.19532929523739384,0.19532929523739384,14
Hour_11,month Ir,-0.17291855326865654,0.17291855326865654,15
Hour_11,hour DEWP,-0.17134890859712998,0.17134890859712998,16
Hour_11,TEMP,0.1693136705051754,0.1693136705051754,17
Hour_11,DEWP Iws,0.15885782104223142,0.15885782104223142,18
Hour_11,Ir,-0.1395819386598021,0.1395819386598021,19
Hour_11,pm2.5 PRES,0.13629237012183182,0.13629237012183182,20
Hour_11,DEWP TEMP,-0.13443303798272369,0.13443303798272369,21
Hour_11,day TEMP,0.13423052203160737,0.13423052203160737,22
Hour_11,day pm2.5,0.13341014735186446,0.13341014735186446,23
Hour_11,Iws,-0.12709645055862331,0.12709645055862331,24
Hour_11,TEMP PRES,-0.10995122041065224,0.10995122041065224,25
Hour_11,TEMP^2,0.10022174703576937,0.10022174703576937,26
Hour_11,month day,0.09873540098923451,0.09873540098923451,27
Hour_11,month,-0.09693640410810254,0.09693640410810254,28
Hour_11,Is,0.09566461373486636,0.09566461373486636,29
Hour_11,month Is,-0.08552340409494433,0.08552340409494433,30
Hour_11,pm2.5 Iws,0.07968639260847445,0.07968639260847445,31
Hour_11,hour,0.07702584113615633,0.07702584113615633,32
Hour_11,month pm2.5,0.07607200247218737,0.07607200247218737,33
Hour_11,day PRES,-0.0733373352726993,0.0733373352726993,34
Hour_11,pm2.5 Ir,-0.07195397343828643,0.07195397343828643,35
Hour_11,day^2,-0.06742586298836792,0.06742586298836792,36
Hour_11,month Iws,0.0635127125561218,0.0635127125561218,37
Hour_11,pm2.5 DEWP,0.058663021666456365,0.058663021666456365,38
Hour_11,month PRES,0.05862470029410159,0.05862470029410159,39
Hour_11,month hour,-0.05324124623781826,0.05324124623781826,40
Hour_11,month DEWP,-0.05008185340882485,0.05008185340882485,41
Hour_11,day,0.04293981333093844,0.04293981333093844,42
Hour_11,pm2.5 TEMP,-0.042485512602781716,0.042485512602781716,43
Hour_11,PRES Iws,0.04123174064459874,0.04123174064459874,44
Hour_11,DEWP Is,0.03746805198401094,0.03746805198401094,45
Hour_11,PRES Is,-0.031850448358326136,0.031850448358326136,46
Hour_11,hour PRES,-0.02853755647042058,0.02853755647042058,47
Hour_11,month^2,0.028522414760496235,0.028522414760496235,48
Hour_11,TEMP Is,-0.027843080123550717,0.027843080123550717,49
Hour_11,hour Is,-0.02620414899284504,0.02620414899284504,50
Hour_11,Iws Is,0.02283784315317461,0.02283784315317461,51
Hour_11,TEMP Ir,-0.022206146980334518,0.022206146980334518,52
Hour_11,hour Ir,-0.02174579077224257,0.02174579077224257,53
Hour_11,Iws^2,0.021702101574652344,0.021702101574652344,54
Hour_11,day Iws,0.02017161823313126,0.02017161823313126,55
Hour_11,TEMP Iws,-0.018953160279160726,0.018953160279160726,56
Hour_11,DEWP PRES,0.016296602991921084,0.016296602991921084,57
Hour_11,PRES Ir,-0.016117034721112457,0.016117034721112457,58
Hour_11,hour pm2.5,0.012185047938514623,0.012185047938514623,59
Hour_11,Is^2,-0.010569654459037483,0.010569654459037483,60
Hour_11,month TEMP,-0.008145447963955915,0.008145447963955915,61
Hour_11,pm2.5 Is,-0.0070042747823669425,0.0070042747823669425,62
Hour_11,day Is,-0.004692288115052557,0.004692288115052557,63
Hour_11,Is Ir,-0.0027340415791800763,0.0027340415791800763,64
Hour_11,DEWP Ir,-0.002726623353545864,0.002726623353545864,65
Hour_11,day hour,0.00205723563639262,0.00205723563639262,66
Hour_11,hour Iws,0.0013460510800397908,0.0013460510800397908,67
Hour_11,Ir^2,0.0006688655789445182,0.0006688655789445182,68
Hour_11,day Ir,0.000230107141806388,0.000230107141806388,69
Hour_12,pm2.5,1.069696607156463,1.069696607156463,1
Hour_12,cbwd_NW,-0.6472810695043661,0.6472810695043661,2
Hour_12,cbwd_SE,0.6410825054721835,0.6410825054721835,3
Hour_12,DEWP,0.3569683972901721,0.3569683972901721,4
Hour_12,PRES,0.3566009188079736,0.3566009188079736,5
Hour_12,hour^2,-0.2923918022712116,0.2923918022712116,6
Hour_12,pm2.5^2,-0.28775103593631696,0.28775103593631696,7
Hour_12,DEWP^2,0.26163704797670323,0.26163704797670323,8
Hour_12,PRES^2,-0.22207268923948342,0.22207268923948342,9
Hour_12,day DEWP,-0.2184394665601128,0.2184394665601128,10
Hour_12,hour TEMP,0.20713677673570444,0.20713677673570444,11
Hour_12,cbwd_cv,0.2043176136957278,0.2043176136957278,12
Hour_12,Iws Ir,-0.1971427760431038,0.1971427760431038,13
Hour_12,cbwd_NE,-0.1935479090583533,0.1935479090583533,14
Hour_12,TEMP^2,0.18488435858346058,0.18488435858346058,15
Hour_12,month Ir,-0.17914695810486697,0.17914695810486697,16
Hour_12,hour DEWP,-0.15671519571411244,0.15671519571411244,17
Hour_12,DEWP Iws,0.15150876798695914,0.15150876798695914,18
Hour_12,DEWP TEMP,-0.15130839664136897,0.15130839664136897,19
Hour_12,day pm2.5,0.15018158066439885,0.15018158066439885,20
Hour_12,day TEMP,0.14978412853361966,0.14978412853361966,21
Hour_12,pm2.5 PRES,0.14651063106511347,0.14651063106511347,22
Hour_12,TEMP,0.14301316570174566,0.14301316570174566,23
Hour_12,Ir,-0.1356239904981444,0.1356239904981444,24
Hour_12,Iws,-0.12327694320879302,0.12327694320879302,25
Hour_12,Is,0.1222285602719628,0.1222285602719628,26
Hour_12,TEMP PRES,-0.10866537446003821,0.10866537446003821,27
Hour_12,month Is,-0.09350077573457086,0.09350077573457086,28
Hour_12,month day,0.09011847288950368,0.09011847288950368,29
Hour_12,month,-0.08264604641036002,0.08264604641036002,30
Hour_12,pm2.5 Iws,0.07585664662144044,0.07585664662144044,31
Hour_12,day PRES,-0.07562353003908011,0.07562353003908011,32
Hour_12,DEWP Is,0.07015608398990342,0.07015608398990342,33
Hour_12,day^2,-0.06889655410578316,0.06889655410578316,34
Hour_12,pm2.5 DEWP,0.06734891581307455,0.06734891581307455,35
Hour_12,PRES Iws,0.06025248840810238,0.06025248840810238,36
Hour_12,pm2.5 Ir,-0.0587863641865494,0.0587863641865494,37
Hour_12,month pm2.5,0.05816370996346509,0.05816370996346509,38
Hour_12,month PRES,0.0548631632368709,0.0548631632368709,39
Hour_12,hour,0.054675631535488003,0.054675631535488003,40
Hour_12,month Iws,0.054253347818202034,0.054253347818202034,41
Hour_12,hour PRES,-0.05191813104139355,0.05191813104139355,42
Hour_12,month hour,-0.05108664876177085,0.05108664876177085,43
Hour_12,month TEMP,-0.04172469195279172,0.04172469195279172,44
Hour_12,day,0.04054906197878048,0.04054906197878048,45
Hour_12,PRES Is,-0.03973230340777528,0.03973230340777528,46
Hour_12,month^2,-0.037061403685125234,0.037061403685125234,47
Hour_12,month DEWP,-0.033430008718774204,0.033430008718774204,48
Hour_12,DEWP PRES,0.0331789888141252,0.0331789888141252,49
Hour_12,hour Is,-0.028493958773917208,0.028493958773917208,50
Hour_12,TEMP Ir,-0.027102843843176603,0.027102843843176603,51
Hour_12,day Is,-0.023274267646687014,0.023274267646687014,52
Hour_12,Iws^2,0.021348159442673608,0.021348159442673608,53
Hour_12,day Iws,0.018319242869957772,0.018319242869957772,54
Hour_12,day Ir,-0.016462292730105976,0.016462292730105976,55
Hour_12,Iws Is,0.014703613295171126,0.014703613295171126,56
Hour_12,PRES Ir,-0.01467391207040143,0.01467391207040143,57
Hour_12,hour Ir,-0.01336023817298746,0.01336023817298746,58
Hour_12,Is^2,-0.011109427928298068,0.011109427928298068,59
Hour_12,pm2.5 TEMP,-0.008575407450031543,0.008575407450031543,60
Hour_12,Is Ir,-0.006804079768799557,0.006804079768799557,61
Hour_12,day hour,-0.006621894251307478,0.006621894251307478,62
Hour_12,TEMP Is,-0.004500132192717091,0.004500132192717091,63
Hour_12,Ir^2,0.0043192440709134555,0.0043192440709134555,64
Hour_12,hour Iws,-0.003907213922390961,0.003907213922390961,65
Hour_12,TEMP Iws,-0.0037747449777570975,0.0037747449777570975,66
Hour_12,pm2.5 Is,0.0022444382301152746,0.0022444382301152746,67
Hour_12,DEWP Ir,-0.0012509327823228239,0.0012509327823228239,68
Hour_12,hour pm2.5,0.0004813429931039327,0.0004813429931039327,69
